engine_id,cycle,true_rul,predicted_rul,absolute_error
7,177,82,73.73613396540449,8.263866034595509
9,50,151,148.18489520457928,2.815104795420723
12,144,26,29.60525235257829,3.6052523525782902
13,64,99,123.4685195774998,24.468519577499805
14,129,51,59.466195522221895,8.466195522221895
15,101,106,143.42699707261372,37.426997072613716
20,48,186,129.86325896618422,56.13674103381578
23,163,5,5.742966345915913,0.7429663459159128
36,98,60,64.21842755630477,4.218427556304775
37,52,118,155.8297382538113,37.829738253811314
42,195,1,5.9070404328068795,4.9070404328068795
48,202,29,47.62024774136651,18.620247741366512
50,32,166,146.97058939966425,19.02941060033575
54,66,191,155.72629058215463,35.27370941784537
65,42,111,128.5558418387579,17.555841838757914
66,88,114,105.13699878073523,8.863001219264774
67,118,195,98.27843779529483,96.72156220470517
78,166,65,77.65302860495468,12.653028604954685
86,192,86,64.45617132136798,21.543828678632025
91,94,41,40.04902444221419,0.9509755577858101
